ID,Description,midstSfxId,midstSeId,initSfxId,initSeId,finishSfxId,finishSeId,camouflageBeginDist,camouflageEndDist,transformProtectorId,midstDmyId,initDmyId,finishDmyId,effectType,soulParamIdForWepEnchant,playCategory,playPriority,existEffectForLarge:1,existEffectForSoul:1,effectInvisibleAtCamouflage:1,useCamouflage:1,invisibleAtFriendCamouflage:1,addMapAreaBlockOffset:1,halfCamouflage:1,transformArmor:1,isInvisibleWeapon:1,isSilence:1,transformGauntlet:1,transformHelmet:1,transformLeggings:1,transformPriority:3,transformWeaponId
0,"テスト用",-1,-1,-1,-1,-1,-1,-1.0,-1.0,-1,-1,-1,-1,0,0,0,0,0,0,0,0,0,0,0,0,0,0,0,0,0,0,-1
1,"炎",252010,-1,-1,-1,-1,-1,-1.0,-1.0,-1,130,-1,-1,1,0,0,0,0,0,0,0,0,0,0,0,0,0,0,0,0,0,-1
2,"毒",810,-1,-1,-1,-1,-1,-1.0,-1.0,-1,220,-1,-1,0,0,4,50,1,0,0,0,0,0,0,0,0,0,0,0,0,0,-1
3,"ヒル",7205,-1,-1,-1,-1,-1,-1.0,-1.0,-1,206,-1,-1,1,0,0,0,1,0,0,0,0,0,0,0,0,0,0,0,0,0,-1
4,"腐食",815,-1,-1,-1,-1,-1,-1.0,-1.0,-1,220,-1,-1,0,0,0,0,1,0,0,0,0,0,0,0,0,0,0,0,0,0,-1
5,"疫病",811,-1,-1,-1,-1,-1,-1.0,-1.0,-1,220,-1,-1,0,0,4,51,1,0,0,0,0,0,0,0,0,0,0,0,0,0,-1
6,"出血",830,-1,-1,-1,-1,-1,-1.0,-1.0,-1,220,-1,-1,0,0,4,2,1,0,0,0,0,0,0,0,0,0,0,0,0,0,-1
8,"姿隠し",-1,-1,-1,-1,-1,-1,25.0,6.0,-1,-1,-1,-1,0,0,3,2,0,0,1,1,1,0,1,0,0,0,0,0,0,0,-1
9,"グラビティ使用者",20228,-1,-1,-1,-1,-1,-1.0,-1.0,-1,236,-1,-1,0,0,3,53,0,0,0,0,0,0,0,0,0,0,0,0,0,0,-1
10,"状態異常回復【毒】",-1,-1,-1,-1,-1,-1,-1.0,-1.0,-1,-1,-1,-1,0,0,0,0,0,0,0,0,0,0,0,0,0,0,0,0,0,0,-1
11,"状態異常回復【疫病】",-1,-1,-1,-1,-1,-1,-1.0,-1.0,-1,-1,-1,-1,0,0,0,0,0,0,0,0,0,0,0,0,0,0,0,0,0,0,-1
12,"状態異常回復【出血】",-1,-1,-1,-1,-1,-1,-1.0,-1.0,-1,-1,-1,-1,0,0,0,0,0,0,0,0,0,0,0,0,0,0,0,0,0,0,-1
13,"状態異常回復【万能】",-1,-1,-1,-1,-1,-1,-1.0,-1.0,-1,-1,-1,-1,0,0,0,0,0,0,0,0,0,0,0,0,0,0,0,0,0,0,-1
14,"ソウルスティール",22223,-1,-1,-1,-1,-1,-1.0,-1.0,-1,200,-1,-1,0,0,0,0,0,0,0,0,0,0,0,0,0,0,0,0,0,0,-1
15,"ズーム",20170,-1,-1,-1,-1,-1,-1.0,-1.0,-1,255,-1,-1,0,0,0,0,0,0,0,0,0,0,0,0,0,0,0,0,0,0,-1
16,"ワープ",-1,-1,-1,-1,-1,-1,-1.0,-1.0,-1,-1,-1,-1,0,0,0,0,0,0,0,0,0,0,0,0,0,0,0,0,0,0,-1
17,"デモンズソウル",-1,-1,-1,-1,-1,-1,-1.0,-1.0,-1,-1,-1,-1,0,0,0,0,0,0,0,0,0,0,0,0,0,0,0,0,0,0,-1
18,"黒ゴースト退散",-1,-1,-1,-1,-1,-1,-1.0,-1.0,-1,-1,-1,-1,0,0,0,0,0,0,0,0,0,0,0,0,0,0,0,0,0,0,-1
19,"強ゴースト",-1,-1,-1,-1,-1,-1,-1.0,-1.0,-1,-1,-1,-1,0,0,3,255,0,0,0,0,0,0,0,0,0,0,0,0,0,0,-1
20,"ホワイト希望",-1,-1,-1,-1,-1,-1,-1.0,-1.0,-1,-1,-1,-1,0,0,3,255,0,0,0,0,0,0,0,0,0,0,0,0,0,0,-1
21,"ブラック希望",-1,-1,-1,-1,-1,-1,-1.0,-1.0,-1,-1,-1,-1,0,0,3,255,0,0,0,0,0,0,0,0,0,0,0,0,0,0,-1
22,"黒ゴースト化",22122,-1,-1,-1,-1,-1,-1.0,-1.0,-1,200,-1,-1,0,0,3,15,0,0,0,0,0,0,0,0,0,0,0,0,0,0,-1
23,"蘇生",-1,-1,-1,-1,-1,-1,-1.0,-1.0,-1,-1,-1,-1,0,0,0,0,0,0,0,0,0,0,0,0,0,0,0,0,0,0,-1
24,"魔法使用禁止",-1,-1,-1,-1,-1,-1,-1.0,-1.0,-1,-1,-1,-1,0,0,4,10,1,0,0,0,0,0,0,0,0,0,0,0,0,0,-1
25,"奇跡モーション延長",-1,-1,-1,-1,-1,-1,-1.0,-1.0,-1,-1,-1,-1,0,0,0,0,0,0,0,0,0,0,0,0,0,0,0,0,0,0,-1
26,"砥石",-1,-1,-1,-1,-1,-1,-1.0,-1.0,-1,-1,-1,-1,0,0,0,0,0,0,0,0,0,0,0,0,0,0,0,0,0,0,-1
27,"仮死蘇生",-1,-1,-1,-1,-1,-1,-1.0,-1.0,-1,-1,-1,-1,0,0,0,0,0,0,0,0,0,0,0,0,0,0,0,0,0,0,-1
28,"武器強化",501,-1,-1,-1,-1,-1,-1.0,-1.0,-1,206,-1,-1,1,0,0,0,0,0,0,0,0,0,0,0,0,0,0,0,0,0,-1
29,"防御シールド",20252,20004,-1,-1,-1,-1,-1.0,-1.0,-1,200,-1,-1,0,0,3,51,0,0,0,0,0,0,0,0,0,0,0,0,0,0,-1
30,"糸まみれ",7210,-1,-1,-1,-1,-1,-1.0,-1.0,-1,206,-1,-1,1,0,0,0,0,0,0,0,0,0,0,0,0,0,0,0,0,0,-1
31,"【システム】ゴーストパラム変化",-1,-1,-1,-1,-1,-1,-1.0,-1.0,-1,-1,-1,-1,0,0,0,0,0,0,0,0,0,0,0,0,0,0,0,0,0,0,-1
32,"金縛り",195,-1,-1,-1,-1,-1,-1.0,-1.0,-1,200,-1,-1,0,0,0,0,0,0,0,0,0,0,0,0,0,0,0,0,0,0,-1
33,"蠅たかり",7211,-1,-1,-1,-1,-1,-1.0,-1.0,-1,206,-1,-1,1,0,0,0,0,0,0,0,0,0,0,0,0,0,0,0,0,0,-1
34,"炎怪人_第１段階",-1,-1,650720,-1,-1,-1,-1.0,-1.0,-1,-1,10,-1,0,0,0,0,0,0,0,0,0,0,0,0,0,0,0,0,0,0,-1
35,"炎怪人_第２段階",-1,-1,650720,-1,-1,-1,-1.0,-1.0,-1,-1,15,-1,0,0,0,0,0,0,0,0,0,0,0,0,0,0,0,0,0,0,-1
36,"炎怪人_第３段階",-1,-1,650720,-1,-1,-1,-1.0,-1.0,-1,-1,50,-1,0,0,0,0,0,0,0,0,0,0,0,0,0,0,0,0,0,0,-1
37,"炎怪人_第４段階",-1,-1,650720,-1,-1,-1,-1.0,-1.0,-1,-1,55,-1,0,0,0,0,0,0,0,0,0,0,0,0,0,0,0,0,0,0,-1
38,"幻聴",-1,-1,-1,-1,-1,-1,-1.0,-1.0,-1,-1,-1,-1,0,0,0,0,0,0,0,0,0,0,0,0,0,0,0,0,0,0,-1
39,"ソウルコイン",-1,-1,-1,-1,-1,-1,-1.0,-1.0,-1,-1,-1,-1,0,0,0,0,0,0,0,0,0,0,0,0,0,0,0,0,0,0,-1
40,"強防御シールド",20253,20004,-1,-1,-1,-1,-1.0,-1.0,-1,200,-1,-1,0,0,3,50,0,0,0,0,0,0,0,0,0,0,0,0,0,0,-1
41,"火耐性シールド",203006,-1,-1,-1,-1,-1,-1.0,-1.0,-1,11,-1,-1,0,0,3,52,0,0,0,0,0,0,0,0,0,0,0,0,0,0,-1
42,"HP回復状態",203005,-1,-1,-1,-1,-1,-1.0,-1.0,-1,220,-1,-1,0,0,0,0,0,0,0,0,0,0,0,0,0,0,0,0,0,0,-1
43,"強制ゴースト化 第1段階",16010,-1,-1,-1,-1,-1,-1.0,-1.0,-1,200,-1,-1,0,0,0,0,0,0,0,0,0,0,0,0,0,0,0,0,0,0,-1
44,"強制ゴースト化 第2段階",16011,-1,-1,-1,-1,-1,-1.0,-1.0,-1,200,-1,-1,0,0,0,0,0,0,0,0,0,0,0,0,0,0,0,0,0,0,-1
45,"強制ゴースト化 第3段階",-1,-1,-1,-1,-1,-1,-1.0,-1.0,-1,-1,-1,-1,0,0,0,0,0,0,0,0,0,0,0,0,0,0,0,0,0,0,-1
46,"フェロモン",-1,-1,-1,-1,-1,-1,-1.0,-1.0,-1,-1,-1,-1,0,0,3,255,0,0,0,0,0,0,0,0,0,0,0,0,0,0,-1
47,"猫着地",20244,20005,-1,-1,-1,-1,-1.0,-1.0,-1,212,-1,-1,0,0,3,255,0,0,0,0,0,0,0,0,0,0,0,0,0,0,-1
48,"ピンチ攻撃力アップ",24003,-1,-1,-1,-1,-1,-1.0,-1.0,-1,220,-1,-1,0,0,3,41,0,0,0,0,0,0,0,0,0,0,0,0,0,0,-1
49,"ピンチ防御力アップ",24004,-1,-1,-1,-1,-1,-1.0,-1.0,-1,220,-1,-1,0,0,3,40,0,0,0,0,0,0,0,0,0,0,0,0,0,0,-1
50,"リジェネレイト",935,-1,-1,-1,-1,-1,-1.0,-1.0,-1,220,-1,-1,0,0,3,90,0,0,0,0,0,0,0,0,0,0,0,0,0,0,-1
51,"たいまつ",-1,-1,-1,-1,-1,-1,-1.0,-1.0,-1,-1,-1,-1,0,0,0,0,0,0,0,0,0,0,0,0,0,0,0,0,0,0,-1
52,"弱リジェネレイト",171,-1,-1,-1,-1,-1,-1.0,-1.0,-1,200,-1,-1,0,0,0,0,0,0,0,0,0,0,0,0,0,0,0,0,0,0,-1
53,"弱ゴーストカムフラージュ",24030,-1,-1,-1,-1,-1,-1.0,-1.0,-1,200,-1,-1,0,0,3,5,0,0,1,1,1,0,1,0,0,0,0,0,0,0,-1
54,"弱姿隠し",-1,-1,-1,-1,-1,-1,25.0,10.0,-1,-1,-1,-1,0,0,3,180,0,0,1,1,1,0,0,0,0,1,0,0,0,0,-1
55,"ヒント血文字",-1,-1,-1,-1,-1,-1,-1.0,-1.0,-1,-1,-1,-1,0,0,0,0,0,0,0,0,0,0,0,0,0,0,0,0,0,0,-1
56,"ヒル足",821,-1,-1,-1,-1,-1,-1.0,-1.0,-1,220,-1,-1,0,0,0,0,0,0,0,0,0,0,0,0,0,0,0,0,0,0,-1
57,"黄衣",202,-1,-1,-1,-1,-1,-1.0,-1.0,-1,50,-1,-1,0,0,0,0,0,0,0,0,0,0,0,0,0,0,0,0,0,0,-1
58,"点光源",-1,-1,-1,-1,-1,-1,-1.0,-1.0,-1,-1,-1,-1,0,0,0,0,0,0,0,0,0,0,0,0,0,0,0,0,0,0,-1
59,"血文字評価",22605,-1,-1,-1,-1,-1,-1.0,-1.0,-1,220,-1,-1,0,0,0,0,0,0,0,0,0,0,0,0,0,0,0,0,0,0,-1
60,"武器強化【中】",501,-1,-1,-1,-1,-1,-1.0,-1.0,-1,206,-1,-1,1,0,0,0,0,0,0,0,0,0,0,0,0,0,0,0,0,0,-1
61,"武器強化【大】",502,-1,-1,-1,-1,-1,-1.0,-1.0,-1,206,-1,-1,1,0,0,0,0,0,0,0,0,0,0,0,0,0,0,0,0,0,-1
62,"炎強化",500,-1,-1,-1,-1,-1,-1.0,-1.0,-1,206,-1,-1,1,0,0,0,0,0,0,0,0,0,0,0,0,0,0,0,0,0,-1
63,"炎強化【大】",520,-1,-1,-1,-1,-1,-1.0,-1.0,-1,206,-1,-1,2,0,0,0,0,0,0,0,0,0,0,0,0,0,0,0,0,0,-1
64,"魔法強化",20257,-1,-1,-1,-1,-1,-1.0,-1.0,-1,206,-1,-1,1,0,0,0,0,0,0,0,0,0,0,0,0,0,0,0,0,0,-1
65,"キメラ強化",13045,-1,-1,-1,-1,-1,-1.0,-1.0,-1,20,-1,-1,0,0,0,0,0,0,0,0,0,0,0,0,0,0,0,0,0,0,-1
66,"アイテムドロップ補正",-1,-1,-1,-1,-1,-1,-1.0,-1.0,-1,-1,-1,-1,0,0,3,255,0,0,0,0,0,0,0,0,0,0,0,0,0,0,-1
67,"MPリジェネレイト",24006,-1,-1,-1,-1,-1,-1.0,-1.0,-1,220,-1,-1,0,0,3,100,0,0,0,0,0,0,0,0,0,0,0,0,0,0,-1
68,"弱MPリジェネレイト",23228,-1,-1,-1,23328,-1,-1.0,-1.0,-1,200,-1,200,0,0,3,101,0,0,0,0,0,0,0,0,0,0,0,0,0,0,-1
69,"死んだとき復活",20250,-1,-1,-1,-1,-1,-1.0,-1.0,-1,220,-1,-1,0,0,3,80,0,0,0,0,0,0,0,0,0,0,0,0,0,0,-1
70,"毒耐性UP",24009,-1,-1,-1,-1,-1,-1.0,-1.0,-1,200,-1,-1,0,0,3,151,0,0,0,0,0,0,0,0,0,0,0,0,0,0,-1
71,"魔法威力UP",24010,-1,-1,-1,-1,-1,-1.0,-1.0,-1,200,-1,-1,0,0,3,71,0,0,0,0,0,0,0,0,0,0,0,0,0,0,-1
72,"魔法防御UP",24011,-1,-1,-1,-1,-1,-1.0,-1.0,-1,200,-1,-1,0,0,3,70,0,0,0,0,0,0,0,0,0,0,0,0,0,0,-1
73,"出血耐性UP",24025,-1,-1,-1,-1,-1,-1.0,-1.0,-1,200,-1,-1,0,0,3,152,0,0,0,0,0,0,0,0,0,0,0,0,0,0,-1
74,"疫病耐性UP",24026,-1,-1,-1,-1,-1,-1.0,-1.0,-1,200,-1,-1,0,0,3,150,0,0,0,0,0,0,0,0,0,0,0,0,0,0,-1
75,"スタミナ回復UP",940,-1,-1,-1,-1,-1,-1.0,-1.0,-1,220,-1,-1,0,0,3,140,0,0,0,0,0,0,0,0,0,0,0,0,0,0,-1
76,"ソウル取得UP",24021,-1,-1,-1,-1,-1,-1.0,-1.0,-1,7,-1,-1,0,0,3,160,0,0,0,0,0,0,0,0,0,0,0,0,0,0,-1
77,"炎耐性UP",940,-1,-1,-1,-1,-1,-1.0,-1.0,-1,220,-1,-1,0,0,3,71,0,0,0,0,0,0,0,0,0,0,0,0,0,0,-1
78,"王の盾1段階左足",14995,-1,-1,-1,-1,-1,-1.0,-1.0,-1,225,-1,-1,0,0,0,0,0,0,0,0,0,0,0,0,0,0,0,0,0,0,-1
79,"王の盾2段階左足",14996,-1,-1,-1,-1,-1,-1.0,-1.0,-1,225,-1,-1,0,0,0,0,0,0,0,0,0,0,0,0,0,0,0,0,0,0,-1
80,"王の盾3段階左足",14997,-1,-1,-1,-1,-1,-1.0,-1.0,-1,225,-1,-1,0,0,0,0,0,0,0,0,0,0,0,0,0,0,0,0,0,0,-1
91,"王の盾1段階右足",14995,-1,-1,-1,-1,-1,-1.0,-1.0,-1,226,-1,-1,0,0,0,0,0,0,0,0,0,0,0,0,0,0,0,0,0,0,-1
92,"王の盾2段階右足",14996,-1,-1,-1,-1,-1,-1.0,-1.0,-1,226,-1,-1,0,0,0,0,0,0,0,0,0,0,0,0,0,0,0,0,0,0,-1
93,"王の盾3段階右足",14997,-1,-1,-1,-1,-1,-1.0,-1.0,-1,226,-1,-1,0,0,0,0,0,0,0,0,0,0,0,0,0,0,0,0,0,0,-1
94,"審判者腹出血",-1,-1,-1,-1,-1,-1,-1.0,-1.0,-1,-1,-1,-1,0,0,0,0,0,0,0,0,0,0,0,0,0,0,0,0,0,0,-1
95,"擬態",203013,-1,-1,-1,202013,202013,-1.0,-1.0,-1,11,-1,200,0,0,3,1,0,0,0,1,1,0,0,0,0,0,0,0,0,0,-1
96,"変身",-1,-1,-1,-1,-1,-1,-1.0,-1.0,410000,-1,-1,-1,0,0,0,0,0,0,0,0,0,0,0,1,0,0,0,0,0,1,-1
97,"ガスマン",-1,-1,-1,-1,-1,-1,-1.0,-1.0,-1,-1,-1,-1,0,0,0,0,0,0,0,0,0,0,0,0,0,0,0,0,0,0,-1
98,"探知",-1,-1,-1,-1,-1,-1,-1.0,-1.0,-1,-1,-1,-1,0,0,0,0,0,0,0,0,0,0,0,0,0,0,0,0,0,0,-1
99,"協力待ち",-1,-1,-1,-1,-1,-1,-1.0,-1.0,-1,-1,-1,-1,0,0,0,0,0,0,0,0,0,0,0,0,0,0,0,0,0,0,-1
100,"協力",213,-1,-1,-1,-1,-1,-1.0,-1.0,-1,220,-1,-1,0,0,0,0,0,0,0,0,0,0,0,0,0,0,0,0,0,0,-1
101,"協力送信",212,-1,-1,-1,-1,-1,-1.0,-1.0,-1,220,-1,-1,0,0,0,0,0,0,0,0,0,0,0,0,0,0,0,0,0,0,-1
102,"グラビティ",21052,-1,-1,-1,-1,-1,-1.0,-1.0,-1,9,-1,-1,0,0,0,0,0,0,0,0,0,0,0,0,0,0,0,0,0,0,-1
103,"邪眼",12210,-1,-1,-1,-1,-1,-1.0,-1.0,-1,7,-1,-1,0,0,0,0,0,0,0,0,0,0,0,0,0,0,0,0,0,0,-1
104,"状態解除【協力待ち】",-1,-1,-1,-1,-1,-1,-1.0,-1.0,-1,-1,-1,-1,0,0,0,0,0,0,0,0,0,0,0,0,0,0,0,0,0,0,-1
105,"エフェクトLv1",-1,-1,-1,-1,-1,-1,-1.0,-1.0,-1,-1,-1,-1,0,0,0,0,0,0,0,0,0,0,0,0,0,0,0,0,0,0,-1
106,"エフェクトLv2",203051,-1,-1,-1,-1,-1,-1.0,-1.0,-1,220,-1,-1,0,0,0,0,0,0,0,0,0,0,0,0,0,0,0,0,0,0,-1
107,"エフェクトLv3",-1,-1,-1,-1,-1,-1,-1.0,-1.0,-1,-1,-1,-1,0,0,0,0,0,0,0,0,0,0,0,0,0,0,0,0,0,0,-1
108,"邪眼Lv1",12212,-1,12211,-1,-1,-1,-1.0,-1.0,-1,220,220,-1,0,0,0,0,0,0,0,0,0,0,0,0,0,0,0,0,0,0,-1
109,"邪眼Lv2",12213,221000003,-1,-1,-1,-1,-1.0,-1.0,-1,220,-1,-1,0,0,0,0,0,0,0,0,0,0,0,0,0,0,0,0,0,0,-1
110,"カウンター",24003,-1,-1,-1,-1,-1,-1.0,-1.0,-1,220,-1,-1,0,0,0,0,0,0,0,0,0,0,0,0,0,0,0,0,0,0,-1
111,"植卵スタンバイ",-1,-1,-1,-1,-1,-1,-1.0,-1.0,-1,-1,-1,-1,0,0,0,0,0,0,0,0,0,0,0,0,0,0,0,0,0,0,-1
112,"植卵",-1,-1,-1,-1,-1,-1,-1.0,-1.0,-1,-1,-1,-1,0,0,0,0,0,0,0,0,0,0,0,0,0,0,0,0,0,0,-1
113,"卵頭スタンバイ",-1,-1,-1,-1,-1,-1,-1.0,-1.0,-1,-1,-1,-1,0,0,0,0,0,0,0,0,0,0,0,0,0,0,0,0,0,0,-1
114,"卵頭",-1,-1,107,-1,108,-1,-1.0,-1.0,1010000,-1,7,7,0,0,2,1,0,0,0,0,0,0,0,0,0,0,0,1,0,0,-1
115,"超軽量移動",-1,-1,-1,-1,-1,-1,-1.0,-1.0,-1,-1,-1,-1,0,0,0,0,0,0,0,0,0,0,0,0,0,0,0,0,0,0,-1
116,"呪い",821,-1,-1,-1,-1,-1,-1.0,-1.0,-1,220,-1,-1,0,0,0,0,0,0,0,0,0,0,0,0,0,0,0,0,0,0,-1
117,"石化",900,-1,-1,-1,-1,-1,-1.0,-1.0,-1,200,-1,-1,0,0,0,0,0,0,0,0,0,0,0,0,0,0,0,0,0,0,-1
118,"呪い解除",-1,-1,-1,-1,-1,-1,-1.0,-1.0,-1,-1,-1,-1,0,0,0,0,0,0,0,0,0,0,0,0,0,0,0,0,0,0,-1
119,"人間性ダメージ",-1,-1,230,-1,-1,-1,-1.0,-1.0,-1,-1,7,-1,0,0,0,0,0,0,0,0,0,0,0,0,0,0,0,0,0,0,-1
120,"ダメージアニメ変化_SA時限定",-1,-1,-1,-1,-1,-1,-1.0,-1.0,-1,-1,-1,-1,0,0,0,0,0,0,0,0,0,0,0,0,0,0,0,0,0,0,-1
121,"ダメージアニメ変化_追加",-1,-1,-1,-1,-1,-1,-1.0,-1.0,-1,-1,-1,-1,0,0,0,0,0,0,0,0,0,0,0,0,0,0,0,0,0,0,-1
122,"水中挙動",-1,-1,-1,-1,-1,-1,-1.0,-1.0,-1,-1,-1,-1,0,0,0,0,0,0,0,0,0,0,0,0,0,0,0,0,0,0,-1
123,"武器頭",-1,-1,-1,-1,-1,-1,-1.0,-1.0,-1,-1,-1,-1,0,0,0,0,0,0,0,0,0,0,0,0,0,0,0,0,0,0,-1
124,"武器胴",-1,-1,-1,-1,-1,-1,-1.0,-1.0,-1,-1,-1,-1,0,0,0,0,0,0,0,0,0,0,0,0,0,0,0,0,0,0,-1
125,"武器手",-1,-1,-1,-1,-1,-1,-1.0,-1.0,-1,-1,-1,-1,0,0,0,0,0,0,0,0,0,0,0,0,0,0,0,0,0,0,-1
126,"武器脚",-1,-1,-1,-1,-1,-1,-1.0,-1.0,-1,-1,-1,-1,0,0,0,0,0,0,0,0,0,0,0,0,0,0,0,0,0,0,-1
127,"眠り",-1,-1,-1,-1,-1,-1,-1.0,-1.0,-1,-1,-1,-1,0,0,0,0,0,0,0,0,0,0,0,0,0,0,0,0,0,0,-1
128,"ミミック_擬態",-1,-1,-1,-1,-1,-1,-1.0,-1.0,-1,-1,-1,-1,0,0,0,0,0,0,0,0,0,0,0,0,0,0,0,0,0,0,-1
129,"ミミック_擬態眠り",-1,-1,-1,-1,-1,-1,-1.0,-1.0,-1,-1,-1,-1,0,0,0,0,0,0,0,0,0,0,0,0,0,0,0,0,0,0,-1
130,"ミミック_通常",-1,-1,-1,-1,-1,-1,-1.0,-1.0,-1,-1,-1,-1,0,0,0,0,0,0,0,0,0,0,0,0,0,0,0,0,0,0,-1
131,"ミミック_通常眠り",-1,-1,-1,-1,-1,-1,-1.0,-1.0,-1,-1,-1,-1,0,0,0,0,0,0,0,0,0,0,0,0,0,0,0,0,0,0,-1
132,"魅了",203009,-1,-1,-1,-1,-1,-1.0,-1.0,-1,220,-1,-1,0,0,0,0,0,0,0,0,0,0,0,0,0,0,0,0,0,0,-1
133,"血文字取得",20238,-1,-1,-1,-1,-1,-1.0,-1.0,-1,-1,-1,-1,0,0,3,200,0,0,0,0,0,0,0,0,0,0,0,0,0,0,-1
134,"はじき変化",203003,-1,-1,-1,-1,-1,-1.0,-1.0,-1,200,-1,-1,0,0,0,0,0,0,0,0,0,0,0,0,0,0,0,0,0,0,-1
135,"ミミック_通常眠り始め",-1,-1,-1,-1,-1,-1,-1.0,-1.0,-1,-1,-1,-1,0,0,0,0,0,0,0,0,0,0,0,0,0,0,0,0,0,0,-1
136,"結晶化",-1,-1,-1,-1,-1,-1,-1.0,-1.0,-1,-1,-1,-1,0,0,0,0,0,0,0,0,0,0,0,0,0,0,0,0,0,0,-1
137,"共鳴Lv0",-1,-1,-1,-1,-1,-1,-1.0,-1.0,-1,-1,-1,-1,0,0,0,0,0,0,0,0,0,0,0,0,0,0,0,0,0,0,-1
138,"共鳴Lv1",-1,-1,-1,-1,-1,-1,-1.0,-1.0,-1,-1,-1,-1,0,0,0,0,0,0,0,0,0,0,0,0,0,0,0,0,0,0,-1
139,"共鳴Lv2",-1,-1,-1,-1,-1,-1,-1.0,-1.0,-1,-1,-1,-1,0,0,0,0,0,0,0,0,0,0,0,0,0,0,0,0,0,0,-1
140,"共鳴Lv3",-1,-1,-1,-1,-1,-1,-1.0,-1.0,-1,-1,-1,-1,0,0,0,0,0,0,0,0,0,0,0,0,0,0,0,0,0,0,-1
141,"共鳴Lv4",-1,-1,-1,-1,-1,-1,-1.0,-1.0,-1,-1,-1,-1,0,0,0,0,0,0,0,0,0,0,0,0,0,0,0,0,0,0,-1
142,"行動ID指定",-1,-1,-1,-1,-1,-1,-1.0,-1.0,-1,-1,-1,-1,0,0,0,0,0,0,0,0,0,0,0,0,0,0,0,0,0,0,-1
143,"敵_不死",-1,-1,-1,-1,-1,-1,-1.0,-1.0,-1,-1,-1,-1,0,0,0,0,0,0,0,0,0,0,0,0,0,0,0,0,0,0,-1
144,"敵_仮死",-1,-1,-1,-1,-1,-1,-1.0,-1.0,-1,-1,-1,-1,0,0,0,0,0,0,0,0,0,0,0,0,0,0,0,0,0,0,-1
145,"聖属性",-1,-1,-1,-1,-1,-1,-1.0,-1.0,-1,-1,-1,-1,0,0,0,0,0,0,0,0,0,0,0,0,0,0,0,0,0,0,-1
146,"全身砥石",-1,-1,20343,-1,-1,-1,-1.0,-1.0,-1,-1,206,-1,0,0,0,0,0,0,0,0,0,0,0,0,0,0,0,0,0,0,-1
147,"ライト魔法",203004,-1,-1,-1,-1,-1,-1.0,-1.0,-1,210,-1,-1,0,0,0,0,0,0,0,0,0,0,0,0,0,0,0,0,0,0,-1
148,"救援要請",-1,-1,-1,-1,-1,-1,-1.0,-1.0,-1,-1,-1,-1,0,0,0,0,0,0,0,0,0,0,0,0,0,0,0,0,0,0,-1
149,"白救援",-1,-1,-1,-1,-1,-1,-1.0,-1.0,-1,-1,-1,-1,0,0,0,0,0,0,0,0,0,0,0,0,0,0,0,0,0,0,-1
150,"黒救援",-1,-1,-1,-1,-1,-1,-1.0,-1.0,-1,-1,-1,-1,0,0,0,0,0,0,0,0,0,0,0,0,0,0,0,0,0,0,-1
151,"雷強化",22724,195,-1,-1,-1,-1,-1.0,-1.0,-1,206,-1,-1,1,0,0,0,0,0,0,0,0,0,0,0,0,0,0,0,0,0,-1
152,"毒強化",22726,-1,-1,-1,-1,-1,-1.0,-1.0,-1,206,-1,-1,1,0,0,0,0,0,0,0,0,0,0,0,0,0,0,0,0,0,-1
153,"疫病強化",602,-1,-1,-1,-1,-1,-1.0,-1.0,-1,6,-1,-1,0,0,0,0,0,0,0,0,0,0,0,0,0,0,0,0,0,0,-1
154,"エスト使用不可",835,-1,-1,-1,-1,-1,-1.0,-1.0,-1,220,-1,-1,0,0,4,9,1,0,0,0,0,0,0,0,0,0,0,0,0,0,-1
155,"SA強化",24023,-1,-1,-1,-1,-1,-1.0,-1.0,-1,220,-1,-1,0,0,3,55,0,0,0,0,0,0,0,0,0,0,0,0,0,0,-1
156,"耐久度減少無効",-1,-1,-1,-1,-1,-1,-1.0,-1.0,-1,-1,-1,-1,0,0,0,0,0,0,0,0,0,0,0,0,0,0,0,0,0,0,-1
157,"対霊強化",22825,-1,-1,-1,-1,-1,-1.0,-1.0,-1,220,-1,-1,0,0,3,10,0,0,0,0,0,0,0,0,0,0,0,0,0,0,-1
158,"【SP】松明_炎エフェクト",21051,193,-1,-1,-1,-1,-1.0,-1.0,-1,206,-1,-1,2,0,0,0,0,0,0,0,0,0,0,0,0,0,0,0,0,0,-1
159,"通常死んだとき指輪復活",-1,-1,-1,-1,-1,-1,-1.0,-1.0,-1,-1,-1,-1,0,0,0,0,0,0,0,0,0,0,0,0,0,0,0,0,0,0,-1
160,"呪いで死んだとき指輪復活",-1,-1,-1,-1,-1,-1,-1.0,-1.0,-1,-1,-1,-1,0,0,0,0,0,0,0,0,0,0,0,0,0,0,0,0,0,0,-1
161,"ワープB",-1,-1,-1,-1,-1,-1,-1.0,-1.0,-1,-1,-1,-1,0,0,0,0,0,0,0,0,0,0,0,0,0,0,0,0,0,0,-1
162,"ワープC",-1,-1,-1,-1,-1,-1,-1.0,-1.0,-1,-1,-1,-1,0,0,0,0,0,0,0,0,0,0,0,0,0,0,0,0,0,0,-1
163,"ワープD",-1,-1,-1,-1,-1,-1,-1.0,-1.0,-1,-1,-1,-1,0,0,0,0,0,0,0,0,0,0,0,0,0,0,0,0,0,0,-1
164,"ワープE",-1,-1,-1,-1,-1,-1,-1.0,-1.0,-1,-1,-1,-1,0,0,0,0,0,0,0,0,0,0,0,0,0,0,0,0,0,0,-1
165,"ワープA",-1,-1,-1,-1,-1,-1,-1.0,-1.0,-1,-1,-1,-1,0,0,0,0,0,0,0,0,0,0,0,0,0,0,0,0,0,0,-1
166,"誓約破棄",-1,-1,-1,-1,-1,-1,-1.0,-1.0,-1,-1,-1,-1,0,0,0,0,0,0,0,0,0,0,0,0,0,0,0,0,0,0,-1
167,"【SP】全身変身",-1,-1,840,-1,-1,-1,-1.0,-1.0,900000,-1,8,-1,0,0,1,1,0,0,0,0,0,0,0,0,0,0,0,1,0,0,-1
168,"精密強化",-1,-1,-1,-1,-1,-1,-1.0,-1.0,-1,-1,-1,-1,0,0,0,0,0,0,0,0,0,0,0,0,0,0,0,0,0,0,-1
169,"共鳴強化",-1,-1,-1,-1,-1,-1,-1.0,-1.0,-1,-1,-1,-1,0,0,0,0,0,0,0,0,0,0,0,0,0,0,0,0,0,0,-1
170,"因果応報",20254,-1,-1,-1,-1,-1,-1.0,-1.0,-1,220,-1,-1,0,0,3,20,0,0,0,0,0,0,0,0,0,0,0,0,0,0,-1
171,"因果応報爆発",-1,-1,-1,-1,-1,-1,-1.0,-1.0,-1,-1,-1,-1,0,0,0,0,0,0,0,0,0,0,0,0,0,0,0,0,0,0,-1
172,"シース無敵１",15900,-1,-1,-1,-1,-1,-1.0,-1.0,-1,100,-1,-1,0,0,0,0,0,0,0,0,0,0,0,0,0,0,0,0,0,0,-1
173,"シース無敵２",15901,-1,-1,-1,-1,-1,-1.0,-1.0,-1,40,-1,-1,0,0,0,0,0,0,0,0,0,0,0,0,0,0,0,0,0,0,-1
174,"シース無敵３",15902,-1,-1,-1,-1,-1,-1.0,-1.0,-1,7,-1,-1,0,0,0,0,0,0,0,0,0,0,0,0,0,0,0,0,0,0,-1
175,"人間性復活",-1,-1,231,-1,-1,-1,-1.0,-1.0,-1,-1,7,-1,0,0,0,0,0,0,0,0,0,0,0,0,0,0,0,0,0,0,-1
176,"ソウルコイン(不死系)",-1,-1,-1,-1,-1,-1,-1.0,-1.0,-1,-1,-1,-1,0,0,0,0,0,0,0,0,0,0,0,0,0,0,0,0,0,0,-1
177,"ソウルコイン(獣系)",-1,-1,-1,-1,-1,-1,-1.0,-1.0,-1,-1,-1,-1,0,0,0,0,0,0,0,0,0,0,0,0,0,0,0,0,0,0,-1
178,"味方強化魔法",820,-1,-1,-1,-1,-1,-1.0,-1.0,-1,220,-1,-1,0,0,0,0,1,0,0,0,0,0,0,0,0,0,0,0,0,0,-1
179,"呪い効果Lv1",850,-1,-1,-1,851,-1,-1.0,-1.0,-1,7,-1,-1,0,0,0,0,0,0,0,0,0,0,0,0,0,0,0,0,0,0,-1
180,"呪い効果Lv2",850,-1,-1,-1,851,-1,-1.0,-1.0,-1,7,-1,-1,0,0,0,0,0,0,0,0,0,0,0,0,0,0,0,0,0,0,-1
181,"呪い効果Lv3",850,-1,-1,-1,851,-1,-1.0,-1.0,-1,7,-1,-1,0,0,0,0,0,0,0,0,0,0,0,0,0,0,0,0,0,0,-1
182,"呪い効果Lv4",850,-1,-1,-1,851,-1,-1.0,-1.0,-1,7,-1,-1,0,0,0,0,0,0,0,0,0,0,0,0,0,0,0,0,0,0,-1
183,"SOS可視",-1,-1,-1,-1,-1,-1,-1.0,-1.0,-1,-1,-1,-1,0,0,0,0,0,0,0,0,0,0,0,0,0,0,0,0,0,0,-1
184,"インビジブルウェポン",20209,-1,-1,-1,20209,-1,-1.0,-1.0,-1,206,-1,206,1,0,0,0,0,0,0,0,0,0,0,0,1,0,0,0,0,0,-1
185,"ニト効果",22887,-1,-1,-1,-1,-1,-1.0,-1.0,-1,220,-1,-1,0,0,0,0,0,0,0,0,0,0,0,0,0,0,0,0,0,0,-1
186,"炎キック",-1,-1,-1,-1,-1,-1,-1.0,-1.0,-1,-1,-1,-1,0,0,0,0,0,0,0,0,0,0,0,0,0,0,0,0,0,0,-1
187,"死神化",-1,-1,-1,-1,-1,-1,-1.0,-1.0,-1,-1,-1,-1,0,0,0,0,0,0,0,0,0,0,0,0,0,0,0,0,0,0,-1
188,"シームレス協力希望",301,-1,-1,-1,-1,-1,-1.0,-1.0,-1,-1,-1,-1,0,0,0,0,0,0,0,0,0,0,0,0,0,0,0,0,0,0,-1
189,"シームレス協力要請",300,-1,-1,-1,-1,-1,-1.0,-1.0,-1,-1,-1,-1,0,0,0,0,0,0,0,0,0,0,0,0,0,0,0,0,0,0,-1
190,"シームレス侵入希望",304,-1,-1,-1,-1,-1,-1.0,-1.0,-1,-1,-1,-1,0,0,0,0,0,0,0,0,0,0,0,0,0,0,0,0,0,0,-1
191,"シームレス侵入許可",-1,-1,-1,-1,-1,-1,-1.0,-1.0,-1,-1,-1,-1,0,0,0,0,0,0,0,0,0,0,0,0,0,0,0,0,0,0,-1
192,"卵頭_二段目",-1,-1,107,-1,108,-1,-1.0,-1.0,1020000,-1,7,7,0,0,2,1,0,0,0,0,0,0,0,0,0,0,0,1,0,0,-1
193,"寿命延長",-1,-1,-1,-1,-1,-1,-1.0,-1.0,-1,-1,-1,-1,0,0,0,0,0,0,0,0,0,0,0,0,0,0,0,0,0,0,-1
194,"魔法使用回数アップ",-1,-1,-1,-1,-1,-1,-1.0,-1.0,-1,-1,-1,-1,0,0,0,0,0,0,0,0,0,0,0,0,0,0,0,0,0,0,-1
195,"ドラゴンニュートサイン",-1,-1,-1,-1,-1,-1,-1.0,-1.0,-1,-1,-1,-1,0,0,0,0,0,0,0,0,0,0,0,0,0,0,0,0,0,0,-1
196,"賞金首サイン",-1,-1,-1,-1,-1,-1,-1.0,-1.0,-1,-1,-1,-1,0,0,0,0,0,0,0,0,0,0,0,0,0,0,0,0,0,0,-1
197,"カウンターアップ",-1,-1,-1,-1,-1,-1,-1.0,-1.0,-1,-1,-1,-1,0,0,0,0,0,0,0,0,0,0,0,0,0,0,0,0,0,0,-1
198,"卵くだし",-1,-1,-1,-1,-1,-1,-1.0,-1.0,-1,-1,-1,-1,0,0,0,0,0,0,0,0,0,0,0,0,0,0,0,0,0,0,-1
199,"HPドレイン",-1,-1,-1,-1,-1,-1,-1.0,-1.0,-1,-1,-1,-1,0,0,0,0,0,0,0,0,0,0,0,0,0,0,0,0,0,0,-1
200,"狂気の力",925,-1,-1,-1,-1,-1,-1.0,-1.0,-1,7,-1,-1,0,0,0,0,0,0,0,0,0,0,0,0,0,0,0,0,0,0,-1
201,"魔法禁止エフェクト用",20256,23112,-1,-1,-1,-1,-1.0,-1.0,-1,236,-1,-1,0,0,0,0,0,0,0,0,0,0,0,0,0,0,0,0,0,0,-1
202,"竜咆哮",845,-1,-1,-1,-1,-1,-1.0,-1.0,-1,200,-1,-1,0,0,0,0,0,0,0,0,0,0,0,0,0,0,0,0,0,0,-1
203,"魔法使用回数ダウン",-1,-1,-1,-1,-1,-1,-1.0,-1.0,-1,-1,-1,-1,0,0,0,0,0,0,0,0,0,0,0,0,0,0,0,0,0,0,-1
204,"ガード強化【大】",20242,-1,-1,-1,-1,-1,-1.0,-1.0,-1,206,-1,-1,2,4,0,0,0,0,0,0,0,0,0,0,0,0,0,0,0,0,-1
205,"【DLC】闇強化",680535,-1,-1,-1,-1,-1,-1.0,-1.0,-1,220,-1,-1,0,0,0,0,1,0,0,0,0,0,0,0,0,0,0,0,0,0,-1
206,"闘技場1対1【小】テリトリ内",610310,-1,-1,-1,-1,-1,-1.0,-1.0,-1,200,-1,-1,0,0,0,0,0,0,0,0,0,0,0,0,0,0,0,0,0,0,-1
207,"闘技場2対2【小】テリトリ内",610311,-1,-1,-1,-1,-1,-1.0,-1.0,-1,220,-1,-1,0,0,0,0,0,0,0,0,0,0,0,0,0,0,0,0,0,0,-1
208,"闘技場バトルロイヤル【小】テリトリ内",640085,-1,-1,-1,-1,-1,-1.0,-1.0,-1,7,-1,-1,0,0,0,0,0,0,0,0,0,0,0,0,0,0,0,0,0,0,-1
209,"闘技場1対1【小】召喚希望A",17610,-1,-1,-1,-1,-1,-1.0,-1.0,-1,6,-1,-1,0,0,0,0,0,0,0,0,0,0,0,0,0,0,0,0,0,0,-1
210,"闘技場1対1【小】召喚希望B",655102,-1,-1,-1,-1,-1,-1.0,-1.0,-1,111,-1,-1,0,0,0,0,0,0,0,0,0,0,0,0,0,0,0,0,0,0,-1
211,"闘技場2対2【小】召喚希望A1",870,-1,-1,-1,-1,-1,-1.0,-1.0,-1,7,-1,-1,0,0,0,0,0,0,0,0,0,0,0,0,0,0,0,0,0,0,-1
212,"闘技場2対2【小】召喚希望A2",21052,-1,-1,-1,-1,-1,-1.0,-1.0,-1,100,-1,-1,0,0,0,0,0,0,0,0,0,0,0,0,0,0,0,0,0,0,-1
213,"闘技場2対2【小】召喚希望B1",645441,-1,-1,-1,-1,-1,-1.0,-1.0,-1,220,-1,-1,0,0,0,0,0,0,0,0,0,0,0,0,0,0,0,0,0,0,-1
214,"闘技場2対2【小】召喚希望B2",601,-1,-1,-1,-1,-1,-1.0,-1.0,-1,199,-1,-1,0,0,0,0,0,0,0,0,0,0,0,0,0,0,0,0,0,0,-1
215,"闘技場バトルロイヤル【小】召喚希望A",607,-1,-1,-1,-1,-1,-1.0,-1.0,-1,6,-1,-1,0,0,0,0,0,0,0,0,0,0,0,0,0,0,0,0,0,0,-1
216,"闘技場バトルロイヤル【小】召喚希望B",603,-1,-1,-1,-1,-1,-1.0,-1.0,-1,199,-1,-1,0,0,0,0,0,0,0,0,0,0,0,0,0,0,0,0,0,0,-1
217,"闘技場バトルロイヤル【小】召喚希望C",624,-1,-1,-1,-1,-1,-1.0,-1.0,-1,190,-1,-1,0,0,0,0,0,0,0,0,0,0,0,0,0,0,0,0,0,0,-1
218,"闘技場バトルロイヤル【小】召喚希望D",615,-1,-1,-1,-1,-1,-1.0,-1.0,-1,190,-1,-1,0,0,0,0,0,0,0,0,0,0,0,0,0,0,0,0,0,0,-1
219,"闘技場1対1【大】テリトリ内",605,-1,-1,-1,-1,-1,-1.0,-1.0,-1,195,-1,-1,0,0,0,0,0,0,0,0,0,0,0,0,0,0,0,0,0,0,-1
220,"闘技場2対2【大】テリトリ内",620410,-1,-1,-1,-1,-1,-1.0,-1.0,-1,11,-1,-1,0,0,0,0,0,0,0,0,0,0,0,0,0,0,0,0,0,0,-1
221,"闘技場バトルロイヤル【大】テリトリ内",926023,-1,-1,-1,-1,-1,-1.0,-1.0,-1,151,-1,-1,0,0,0,0,0,0,0,0,0,0,0,0,0,0,0,0,0,0,-1
222,"闘技場1対1【大】召喚希望A",-1,-1,-1,-1,-1,-1,-1.0,-1.0,-1,-1,-1,-1,0,0,3,2,0,0,1,1,0,0,1,0,0,0,0,0,0,0,-1
223,"闘技場1対1【大】召喚希望B",-1,-1,-1,-1,-1,-1,15.0,5.0,-1,-1,-1,-1,0,0,0,0,0,0,1,1,0,0,0,0,0,0,0,0,0,0,-1
224,"闘技場2対2【大】召喚希望A1",-1,-1,-1,-1,-1,-1,-1.0,-1.0,-1,-1,-1,-1,0,0,0,0,0,0,1,1,1,0,0,0,0,0,0,0,0,0,-1
225,"闘技場2対2【大】召喚希望A2",-1,-1,-1,-1,-1,-1,-1.0,-1.0,-1,-1,-1,-1,0,0,0,0,0,0,1,1,0,0,1,0,0,0,0,0,0,0,-1
226,"闘技場2対2【大】召喚希望B1",602,-1,-1,-1,-1,-1,-1.0,-1.0,-1,6,-1,-1,0,0,0,0,0,0,0,0,0,0,0,0,0,0,0,0,0,0,-1
227,"闘技場2対2【大】召喚希望B2",631010,-1,-1,-1,-1,-1,-1.0,-1.0,-1,120,-1,-1,0,0,0,0,0,0,0,0,0,0,0,0,0,0,0,0,0,0,-1
228,"闘技場バトルロイヤル【大】召喚希望A",610250,-1,-1,-1,-1,-1,-1.0,-1.0,-1,12,-1,-1,0,0,0,0,0,0,0,0,0,0,0,0,0,0,0,0,0,0,-1
229,"闘技場バトルロイヤル【大】召喚希望B",610250,-1,-1,-1,-1,-1,-1.0,-1.0,-1,10,-1,-1,0,0,0,0,0,0,0,0,0,0,0,0,0,0,0,0,0,0,-1
230,"闘技場バトルロイヤル【大】召喚希望C",623250,-1,-1,-1,623251,-1,-1.0,-1.0,-1,220,-1,220,0,0,0,0,0,0,0,0,0,0,0,0,0,0,0,0,0,0,-1
231,"闘技場バトルロイヤル【大】召喚希望D",52,-1,-1,-1,-1,-1,-1.0,-1.0,-1,4,-1,-1,0,0,0,0,0,0,0,0,0,0,0,0,0,0,0,0,0,0,-1
232,"闘技場使用禁止アイテム使用禁止",18140,-1,-1,-1,-1,-1,-1.0,-1.0,-1,80,-1,-1,0,0,0,0,0,0,0,0,0,0,0,0,0,0,0,0,0,0,-1
233,"闘技場死亡",621230,-1,-1,-1,-1,-1,-1.0,-1.0,-1,11,-1,-1,0,0,0,0,0,0,0,0,0,0,0,0,0,0,0,0,0,0,-1
234,"闘技場暫定１位",618,-1,-1,-1,-1,-1,-1.0,-1.0,-1,220,-1,-1,0,0,0,0,1,0,0,0,0,0,0,0,0,0,0,0,0,0,-1
235,"闘技場NoDead",608,-1,-1,-1,-1,-1,-1.0,-1.0,-1,220,-1,-1,0,0,0,0,0,0,0,0,0,0,0,0,0,0,0,0,0,0,-1
236,"闘技場同率１位",18140,-1,-1,-1,-1,-1,-1.0,-1.0,-1,14,-1,-1,0,0,0,0,0,0,0,0,0,0,0,0,0,0,0,0,0,0,-1
237,"黒竜の指輪",24032,-1,-1,-1,-1,-1,-1.0,-1.0,-1,211,-1,-1,0,0,0,0,0,0,0,0,0,0,0,0,0,0,0,0,0,0,-1
238,"闘技場10勝以上",670,-1,-1,-1,-1,-1,-1.0,-1.0,-1,6,-1,-1,0,0,0,0,0,0,0,0,0,0,0,0,0,0,0,0,0,0,-1
239,"闘技場30勝以上",620410,-1,-1,-1,-1,-1,-1.0,-1.0,-1,21,-1,-1,0,0,0,0,0,0,0,0,0,0,0,0,0,0,0,0,0,0,-1
240,"闘技場50勝以上",601,-1,-1,-1,-1,-1,-1.0,-1.0,-1,199,-1,-1,0,0,0,0,0,0,0,0,0,0,0,0,0,0,0,0,0,0,-1
241,"闘技場100勝以上",927200,-1,-1,-1,-1,-1,-1.0,-1.0,-1,20,-1,-1,0,0,0,0,0,0,0,0,0,0,0,0,0,0,0,0,0,0,-1
242,"血材質上書き",0,0,0,0,0,0,0.0,0.0,0,0,0,0,0,0,0,0,0,0,0,0,0,0,0,0,0,0,0,0,0,0,0
243,"血材質_血",0,0,0,0,0,0,0.0,0.0,0,0,0,0,0,0,0,0,0,0,0,0,0,0,0,0,0,0,0,0,0,0,0
244,"血材質_炎",0,0,0,0,0,0,0.0,0.0,0,0,0,0,0,0,0,0,0,0,0,0,0,0,0,0,0,0,0,0,0,0,0
245,"血材質_血少",0,0,0,0,0,0,0.0,0.0,0,0,0,0,0,0,0,0,0,0,0,0,0,0,0,0,0,0,0,0,0,0,0
246,"重ね掛け魔法A_LV1",-1,-1,-1,-1,-1,-1,-1.0,-1.0,-1,-1,-1,-1,0,0,0,0,0,0,0,0,0,0,0,0,0,0,0,0,0,0,-1
247,"重ね掛け魔法A_LV2",204021,-1,-1,-1,-1,-1,-1.0,-1.0,-1,200,-1,-1,0,0,3,41,0,0,0,0,0,0,0,0,0,0,0,0,0,0,-1
248,"重ね掛け魔法A_LV3",20250,-1,-1,-1,-1,-1,-1.0,-1.0,-1,200,-1,-1,0,0,3,40,0,0,0,0,0,0,0,0,0,0,0,0,0,0,-1
249,"重ね掛け魔法B_LV1",-1,-1,-1,-1,-1,-1,-1.0,-1.0,-1,-1,-1,-1,0,0,0,0,0,0,0,0,0,0,0,0,0,0,0,0,0,0,-1
250,"重ね掛け魔法B_LV2",204061,-1,-1,-1,-1,-1,-1.0,-1.0,-1,200,-1,-1,0,0,3,140,0,0,0,0,0,0,0,0,0,0,0,0,0,0,-1
251,"重ね掛け魔法B_LV3",204071,-1,-1,-1,-1,-1,-1.0,-1.0,-1,200,-1,-1,0,0,3,55,0,0,0,0,0,0,0,0,0,0,0,0,0,0,-1
252,"油まみれ",22223,-1,-1,-1,-1,-1,-1.0,-1.0,-1,200,-1,-1,0,0,0,0,0,0,0,0,0,0,0,0,0,0,0,0,0,0,-1
253,"火だるま",22223,-1,-1,-1,-1,-1,-1.0,-1.0,-1,200,-1,-1,0,0,0,0,0,0,0,0,0,0,0,0,0,0,0,0,0,0,-1
254,"取り憑かれ中",865,-1,-1,-1,-1,-1,-1.0,-1.0,-1,200,-1,-1,0,0,0,0,0,0,0,0,0,0,0,0,0,0,0,0,0,0,-1
255,"暗闇魔法",655103,-1,-1,-1,-1,-1,-1.0,-1.0,-1,-1,-1,-1,0,0,0,0,0,0,0,0,0,0,0,0,0,0,0,0,0,0,-1
256,"焼死体燃焼レベル1",625120,-1,-1,-1,-1,-1,-1.0,-1.0,-1,6,-1,-1,0,0,0,0,0,0,0,0,0,0,0,0,0,0,0,0,0,0,-1
257,"焼死体燃焼レベル2",610225,-1,-1,-1,610226,-1,-1.0,-1.0,-1,200,-1,200,0,0,0,0,0,0,0,0,0,0,0,0,0,0,0,0,0,0,-1
258,"群衆女_焼きごて赤熱",626100,-1,-1,-1,-1,-1,-1.0,-1.0,-1,20,-1,-1,0,0,0,0,0,0,0,0,0,0,0,0,0,0,0,0,0,0,-1
260,"獣化",-1,-1,-1,-1,-1,-1,-1.0,-1.0,-1,-1,-1,-1,0,0,0,0,0,0,0,0,0,0,0,0,0,0,0,0,0,0,-1
261,"状態異常回復【獣化】",-1,-1,-1,-1,-1,-1,-1.0,-1.0,-1,-1,-1,-1,0,0,0,0,0,0,0,0,0,0,0,0,0,0,0,0,0,0,-1
262,"闇の旅団_武器強化",621206,-1,-1,-1,-1,-1,-1.0,-1.0,-1,30,-1,-1,0,0,0,0,0,0,0,0,0,0,0,0,0,0,0,0,0,0,-1
263,"太陽協力要請",302,-1,-1,-1,-1,-1,-1.0,-1.0,-1,-1,-1,-1,0,0,0,0,0,0,0,0,0,0,0,0,0,0,0,0,0,0,-1
264,"太陽協力希望",303,-1,-1,-1,-1,-1,-1.0,-1.0,-1,-1,-1,-1,0,0,0,0,0,0,0,0,0,0,0,0,0,0,0,0,0,0,-1
266,"裏切り侵入希望",305,-1,-1,-1,-1,-1,-1.0,-1.0,-1,-1,-1,-1,0,0,0,0,0,0,0,0,0,0,0,0,0,0,0,0,0,0,-1
267,"裏切り発動",880,-1,-1,-1,-1,-1,-1.0,-1.0,-1,200,-1,-1,0,0,0,0,0,0,0,0,0,0,0,0,0,0,0,0,0,0,-1
268,"獣化エフェクト",855,-1,-1,-1,-1,-1,-1.0,-1.0,-1,220,-1,-1,0,0,3,9,0,0,0,0,0,0,0,0,0,0,0,0,0,0,-1
270,"教会の殺し屋　オーラ",371,-1,370,-1,372,-1,-1.0,-1.0,-1,220,220,220,0,0,0,0,0,0,0,0,0,0,0,0,0,0,0,0,0,0,-1
272,"役割光源_協力プレイ中",211,-1,-1,-1,-1,-1,-1.0,-1.0,-1,203,-1,-1,0,0,0,0,0,0,0,0,0,0,0,0,0,0,0,0,0,0,-1
276,"役割光源_敵対プレイ中",212,-1,-1,-1,-1,-1,-1.0,-1.0,-1,203,7,-1,0,0,0,0,0,0,0,0,0,0,0,0,0,0,0,0,0,0,-1
290,"拳獣_モードA",-1,-1,-1,-1,-1,-1,-1.0,-1.0,580000,-1,-1,-1,0,0,0,0,0,0,0,0,0,0,0,0,0,0,1,0,0,2,-1
291,"拳獣_モードB",-1,-1,-1,-1,-1,-1,-1.0,-1.0,590000,-1,-1,-1,0,0,0,0,0,0,0,0,0,0,0,0,0,0,1,0,0,2,-1
292,"敵ドロップソウル保持",961,-1,960,-1,962,-1,-1.0,-1.0,-1,250,7,7,0,0,0,0,0,0,0,0,0,0,0,0,0,0,0,0,0,0,-1
294,"獣化許可中",854,-1,-1,-1,-1,-1,-1.0,-1.0,-1,220,-1,-1,0,0,3,10,0,0,0,0,0,0,0,0,0,0,0,0,0,0,-1
295,"銃弾強化",520,-1,-1,-1,-1,-1,-1.0,-1.0,-1,206,-1,-1,2,0,0,0,0,0,0,0,0,0,0,0,0,0,0,0,0,0,-1
298,"月からの使者（小）_強化 ",625020,-1,-1,-1,-1,-1,-1.0,-1.0,-1,250,-1,-1,0,0,0,0,0,0,0,0,0,0,0,0,0,0,0,0,0,0,-1
299,"医療教会のフランケン_両手の炎",627300,-1,-1,-1,-1,-1,-1.0,-1.0,-1,40,-1,-1,0,0,0,0,0,0,0,0,0,0,0,0,0,0,0,0,0,0,-1
300,"ダンジョン_動物系_毒纏い小 ",604,-1,-1,-1,-1,-1,-1.0,-1.0,-1,6,-1,-1,0,0,0,0,0,0,0,0,0,0,0,0,0,0,0,0,0,0,-1
301,"ダンジョン_動物系_毒纏い大",614,-1,-1,-1,-1,-1,-1.0,-1.0,-1,196,-1,-1,0,0,0,0,0,0,0,0,0,0,0,0,0,0,0,0,0,0,-1
302,"ダンジョン_周囲強化司祭_髑髏発光 ",630017,-1,-1,-1,-1,-1,-1.0,-1.0,-1,20,-1,-1,0,0,0,0,0,0,0,0,0,0,0,0,0,0,0,0,0,0,-1
303,"【SP】D属性　火エンチャント３ ",615,-1,-1,-1,-1,-1,-1.0,-1.0,-1,191,-1,-1,0,0,0,0,0,0,0,0,0,0,0,0,0,0,0,0,0,0,-1
304,"【SP】D属性　火エンチャント４",625,-1,-1,-1,-1,-1,-1.0,-1.0,-1,192,-1,-1,0,0,0,0,0,0,0,0,0,0,0,0,0,0,0,0,0,0,-1
305,"【SP】D属性　火エンチャント５",625,-1,-1,-1,-1,-1,-1.0,-1.0,-1,193,-1,-1,0,0,0,0,0,0,0,0,0,0,0,0,0,0,0,0,0,0,-1
306,"【SP】D属性　火エンチャント６",625,-1,-1,-1,-1,-1,-1.0,-1.0,-1,194,-1,-1,0,0,0,0,0,0,0,0,0,0,0,0,0,0,0,0,0,0,-1
307,"【SP】D属性　毒エンチャント２",624,-1,-1,-1,-1,-1,-1.0,-1.0,-1,191,-1,-1,0,0,0,0,0,0,0,0,0,0,0,0,0,0,0,0,0,0,-1
308,"【SP】D属性　毒エンチャント３",624,-1,-1,-1,-1,-1,-1.0,-1.0,-1,192,-1,-1,0,0,0,0,0,0,0,0,0,0,0,0,0,0,0,0,0,0,-1
309,"【SP】D属性　毒エンチャント４",624,-1,-1,-1,-1,-1,-1.0,-1.0,-1,193,-1,-1,0,0,0,0,0,0,0,0,0,0,0,0,0,0,0,0,0,0,-1
310,"【SP】D属性　毒エンチャント５",616,-1,-1,-1,-1,-1,-1.0,-1.0,-1,220,-1,-1,0,0,0,0,0,0,0,0,0,0,0,0,0,0,0,0,0,0,-1
311,"【SP】D属性　毒エンチャント６",606,-1,-1,-1,-1,-1,-1.0,-1.0,-1,220,-1,-1,0,0,0,0,0,0,0,0,0,0,0,0,0,0,0,0,0,0,-1
312,"教会の使者_鎌の青い炎 ",627030,-1,-1,-1,-1,-1,-1.0,-1.0,-1,71,-1,-1,0,0,0,0,0,0,0,0,0,0,0,0,0,0,0,0,0,0,-1
313,"教会の使者_十字架の怨霊 ",627031,-1,-1,-1,-1,-1,-1.0,-1.0,-1,50,-1,-1,0,0,0,0,0,0,0,0,0,0,0,0,0,0,0,0,0,0,-1
318,"拠点老人（覚醒）_強化",680535,-1,-1,-1,-1,-1,-1.0,-1.0,-1,220,-1,-1,0,0,0,0,1,0,0,0,0,0,0,0,0,0,0,0,0,0,-1
320,"幽霊敵カムフラージュ",-1,-1,-1,-1,-1,-1,-1.0,-1.0,-1,-1,-1,-1,0,0,0,0,0,0,1,1,0,0,1,0,0,0,0,0,0,0,-1
321,"幽霊敵カムフラージュ効果オン",-1,-1,-1,-1,-1,-1,-1.0,-1.0,-1,-1,-1,-1,0,0,0,0,0,0,1,1,0,0,1,0,0,0,0,0,0,0,-1
322,"メッセンジャー評価通知",-1,-1,203005,-1,-1,-1,-1.0,-1.0,-1,-1,220,-1,0,0,0,0,0,0,0,0,0,0,0,0,0,0,0,0,0,0,-1
323,"役割光源_天敵（血族）プレイ中",213,-1,-1,-1,-1,-1,-1.0,-1.0,-1,203,-1,-1,0,0,0,0,0,0,0,0,0,0,0,0,0,0,0,0,0,0,-1
324,"役割光源_天敵（血族狩り）プレイ中",214,-1,-1,-1,-1,-1,-1.0,-1.0,-1,203,-1,-1,0,0,0,0,0,0,0,0,0,0,0,0,0,0,0,0,0,0,-1
325,"役割光源_天敵（狩人狩り）プレイ中",215,-1,-1,-1,-1,-1,-1.0,-1.0,-1,203,-1,-1,0,0,0,0,0,0,0,0,0,0,0,0,0,0,0,0,0,0,-1
327,"世界移動直後の石ころ帽子効果",-1,-1,-1,-1,-1,-1,-1.0,-1.0,-1,-1,-1,-1,0,0,0,0,0,0,0,0,0,0,1,0,0,0,0,0,0,0,-1
337,"ガンハンマ",250040,-1,-1,-1,-1,-1,-1.0,-1.0,-1,130,-1,-1,1,0,0,0,1,0,0,0,0,0,0,0,0,0,0,0,0,0,-1
338,"処刑人（悪夢）　顔面定着SFX",640100,-1,-1,-1,-1,-1,-1.0,-1.0,-1,7,-1,-1,0,0,0,0,0,0,0,0,0,0,0,0,0,0,0,0,0,0,-1
339,"処刑人（悪夢）　エンチャントSFX",640118,-1,-1,-1,-1,-1,-1.0,-1.0,-1,10,-1,-1,0,0,0,0,0,0,0,0,0,0,0,0,0,0,0,0,0,0,-1
340,"闇堕ちハンター_爆鎚",640016,-1,-1,-1,-1,-1,-1.0,-1.0,-1,60,-1,-1,0,0,0,0,1,0,0,0,0,0,0,0,0,0,0,0,0,0,-1
341,"闇堕ちハンター 松明",610250,-1,-1,-1,-1,-1,-1.0,-1.0,-1,58,-1,-1,0,0,0,0,1,0,0,0,0,0,0,0,0,0,0,0,0,0,-1
344,"c402X_下水ネズミ_目の光",611000,-1,-1,-1,-1,-1,-1.0,-1.0,-1,7,-1,-1,0,0,0,0,0,0,0,0,0,0,0,0,0,0,0,0,0,0,-1
345,"c402X_聖堂NPCの声",640201,-1,-1,-1,-1,-1,-1.0,-1.0,-1,7,-1,-1,0,0,0,0,0,0,0,0,0,0,0,0,0,0,0,0,0,0,-1
346,"魚人Bの杖発光",640520,-1,-1,-1,-1,-1,-1.0,-1.0,-1,20,-1,-1,0,0,0,0,0,0,0,0,0,0,0,0,0,0,0,0,0,0,-1
347,"患者A（二足）の毒手VFX",640205,-1,-1,-1,-1,-1,-1.0,-1.0,-1,1,-1,-1,0,0,0,0,0,0,0,0,0,0,0,0,0,0,0,0,0,0,-1
348,"闇堕ちハンター_光る目",640086,-1,-1,-1,-1,-1,-1.0,-1.0,-1,7,-1,-1,0,0,0,0,0,0,0,0,0,0,0,0,0,0,0,0,0,0,-1
349,"患者B_宇宙召喚MAX",655103,-1,-1,-1,-1,-1,-1.0,-1.0,-1,-1,-1,-1,0,0,0,0,0,0,0,0,0,0,0,0,0,0,0,0,0,0,-1
350,"月光剣モードB",250035,-1,-1,-1,-1,-1,-1.0,-1.0,-1,130,-1,-1,1,0,0,0,1,0,0,0,0,0,0,0,0,0,0,0,0,0,-1
351,"獣半変身",-1,-1,250080,250080,250080,250081,-1.0,-1.0,410000,-1,205,205,0,0,0,0,0,0,0,0,0,0,0,0,0,0,1,1,0,1,-1
352,"獣全変身",-1,-1,-1,-1,-1,-1,-1.0,-1.0,410000,-1,-1,-1,0,0,0,0,0,0,0,0,0,0,0,0,0,0,1,1,0,0,39000000
353,"ナメクジ半変身",-1,-1,250100,250100,250100,250101,-1.0,-1.0,420000,-1,205,205,0,0,0,0,0,0,0,0,0,0,0,0,0,0,1,1,0,4,-1
354,"ナメクジ全変身",-1,-1,-1,-1,-1,-1,-1.0,-1.0,420000,-1,-1,-1,0,0,0,0,0,0,0,0,0,0,0,1,0,0,1,1,0,3,41000000
356,"獣武器変身",-1,-1,-1,-1,-1,-1,-1.0,-1.0,-1,-1,-1,-1,0,0,0,0,0,0,0,0,0,0,0,0,0,0,0,0,0,2,37000000
357,"なめくじ武器変身",-1,-1,-1,-1,-1,-1,-1.0,-1.0,-1,-1,-1,-1,0,0,0,0,0,0,0,0,0,0,0,0,0,0,0,0,0,5,40000000
358,"なめくじ武器判定",-1,-1,-1,-1,-1,-1,-1.0,-1.0,-1,-1,-1,-1,0,0,0,0,0,0,0,0,0,0,0,0,0,0,0,0,0,0,-1
59999,"実装テスト用",171,-1,-1,-1,-1,-1,-1.0,-1.0,-1,200,-1,-1,0,0,0,0,0,0,0,0,0,0,0,0,0,0,0,0,0,0,-1
60000,"最大数(選択禁止)",0,0,0,0,0,0,0.0,0.0,0,0,0,0,0,0,0,0,0,0,0,0,0,0,0,0,0,0,0,0,0,0,0
